<?xml version="1.0" encoding="UTF-8"?>
<tns:invoice xmlns:tns="http://invoice"  xmlns:tns1="http://service"
xmlns:xsi="http://www.w3.org/2001/XMLSchema-instance"
 xsi:schemaLocation="http://invoice invoice.xsd http://service service.xsd">
  <tns:date>2017-11-30</tns:date>
  <tns:number>5235</tns:number>
  <tns:products>
    <tns:product description="laptop" price="700.00"/>
    <tns:product description="keyboard" price="40.00"/>
    <tns:product description="mouse" price="30.00"/>
  </tns:products>
  <tns:payments>
    <tns:payment amount="770.00" method="credit"/>
  </tns:payments>
  <tns1:service />
</tns:invoice>
